Date,Day,Week,Task Category,Task Description,Status,Priority,Notes
25/02/2026,Monday,Week 1,Analysis,Code Duplication Audit,Complete,Critical,Identified massive code duplication across 10 microservices
26/02/2026,Tuesday,Week 1,Architecture,Service Architecture Review,Complete,Critical,Documented microservices standardization requirements
27/02/2026,Wednesday,Week 1,Backup,Backup Before Restructure,Complete,High,Created _backup_before_restructure folder for safety
28/02/2026,Thursday,Week 1,Analysis,Individual Service Analysis,Complete,High,Reviewed auth-service,user-service,report-service,lab-service,tracking-service
01/03/2026,Friday,Week 1,Documentation,Architecture Documentation,Complete,Medium,Started documentation for microservices patterns
02/03/2026,Saturday,Week 1,Analysis,Dependency Analysis,Complete,High,Analyzed missing requires and dependencies
03/03/2026,Sunday,Week 1,Review,Week 1 Review & Planning,Complete,Medium,Consolidated findings and planned next week
04/03/2026,Monday,Week 2,Reporting,Duplicate Files Mapping,Complete,Critical,Created duplicate_files_report.txt with hash analysis
05/03/2026,Tuesday,Week 2,Reporting,Missing Dependencies Report,Complete,Critical,Generated _missing_requires_report.txt
06/03/2026,Wednesday,Week 2,Reporting,Empty Files Detection,Complete,High,Created _empty_files_report.txt
07/03/2026,Thursday,Week 2,Security,Security Analysis,Complete,High,Generated SECURITY_ANALYSIS.md - JWT,RBAC,Password hashing
08/03/2026,Friday,Week 2,Documentation,Best Practices Guide,Complete,Medium,Documented standardization guidelines for all services
09/03/2026,Saturday,Week 2,Testing,Health Check Testing,Complete,Medium,Verified health check endpoints for all services
10/03/2026,Sunday,Week 2,Review,Week 2 Review,Complete,Medium,Consolidated reports and verified data accuracy
11/03/2026,Monday,Week 3,Documentation,Workflow Overview,Complete,High,Created workflow_overview.txt for presentations
12/03/2026,Tuesday,Week 3,Documentation,API Routes Documentation,Complete,High,Documented route patterns and best practices
13/03/2026,Wednesday,Week 3,Documentation,Controller & Service Patterns,Complete,High,Documented standardized controller and service templates
14/03/2026,Thursday,Week 3,Documentation,Error Handling Standards,Complete,Medium,Defined error handling and response formats
15/03/2026,Friday,Week 3,Documentation,Response Format Standardization,Complete,Medium,A Standardized success and error response structures
16/03/2026,Saturday,Week 3,Security,Security Checklist,Complete,Medium,Created security best practices checklist
17/03/2026,Sunday,Week 3,Summary,Final Summary & Next Steps,Complete,High,Compiled all findings into comprehensive summary
,,,,,,,
SUMMARY STATISTICS,,,,,,,
Total Days,21,,,,,
Tasks Completed,21,,,,,
Completion Rate,100%,,,,,
Critical Tasks,6,,,,,
High Priority Tasks,11,,,,,
Medium Priority Tasks,4,,,,,
,,,,,,,
KEY DELIVERABLES,,,,,,,
1. Duplicate Files Report,.txt,21 files identified with duplicate hashes,
2. Security Analysis Report,.md,JWT,RBAC,Password hashing documentation,
3. Workflow Overview,.txt,End-to-end Flow documentation,
4. Architecture Standards,.md,Microservices standarization guide,
5. Project Documentation,.md,Quick start and best practices,
,,,,,,,
CRITICAL ISSUES IDENTIFIED,,,,,,,
Issue,Impact,Priority,
Massive Code Duplication,100+ duplicate files,Critical,
Shared Folder Underutilized,Inconsistent imports,Critical,
Multiple Report Implementations,Maintenance nightmare,Critical,
Inconsistent Authentication,Security risk,Critical,
No Package.json Standardization,Dependency conflicts,High,
Missing Service Isolation,Testing difficulty,High,
Repository Layer Complexity,Code maintainability,Medium,
No Error Standardization,API inconsistency,Medium,
,,,,,,,
PENDING TASKS,,,,,,,
Priority,Task,Estimated Days,
Critical,Eliminate code duplication,5-7,
Critical,Consolidate shared utilities,3-5,
High,Standardize package.json across services,2-3,
High,Implement consistent error handling,3-4,
Medium,Add comprehensive logging,2-3,
Medium,Set up automated testing,4-5,
Low,Performance optimization,3-5,
